<?xml version="1.0" encoding="UTF-8"?>
<root>
  <item name="com.google.firebase.crashlytics.internal.model.CrashlyticsReport.Architecture">
    <annotation name="androidx.annotation.IntDef">
      <val name="value" val="{com.google.firebase.crashlytics.internal.model.CrashlyticsReport.Architecture.ARMV6, com.google.firebase.crashlytics.internal.model.CrashlyticsReport.Architecture.ARMV7, com.google.firebase.crashlytics.internal.model.CrashlyticsReport.Architecture.ARM64, com.google.firebase.crashlytics.internal.model.CrashlyticsReport.Architecture.X86_32, com.google.firebase.crashlytics.internal.model.CrashlyticsReport.Architecture.X86_64, com.google.firebase.crashlytics.internal.model.CrashlyticsReport.Architecture.UNKNOWN}" />
    </annotation>
  </item>
  <item name="com.google.firebase.crashlytics.internal.model.CrashlyticsReport.Session.Device int getArch()">
    <annotation name="androidx.annotation.IntDef">
      <val name="value" val="{com.google.firebase.crashlytics.internal.model.CrashlyticsReport.Architecture.ARMV6, com.google.firebase.crashlytics.internal.model.CrashlyticsReport.Architecture.ARMV7, com.google.firebase.crashlytics.internal.model.CrashlyticsReport.Architecture.ARM64, com.google.firebase.crashlytics.internal.model.CrashlyticsReport.Architecture.X86_32, com.google.firebase.crashlytics.internal.model.CrashlyticsReport.Architecture.X86_64, com.google.firebase.crashlytics.internal.model.CrashlyticsReport.Architecture.UNKNOWN}" />
    </annotation>
  </item>
  <item name="com.google.firebase.crashlytics.internal.model.CrashlyticsReport.Session.Device.Builder com.google.firebase.crashlytics.internal.model.CrashlyticsReport.Session.Device.Builder setArch(int) 0">
    <annotation name="androidx.annotation.IntDef">
      <val name="value" val="{com.google.firebase.crashlytics.internal.model.CrashlyticsReport.Architecture.ARMV6, com.google.firebase.crashlytics.internal.model.CrashlyticsReport.Architecture.ARMV7, com.google.firebase.crashlytics.internal.model.CrashlyticsReport.Architecture.ARM64, com.google.firebase.crashlytics.internal.model.CrashlyticsReport.Architecture.X86_32, com.google.firebase.crashlytics.internal.model.CrashlyticsReport.Architecture.X86_64, com.google.firebase.crashlytics.internal.model.CrashlyticsReport.Architecture.UNKNOWN}" />
    </annotation>
  </item>
</root>

